task_id,project_day,date,weekday,block_id,block_label,block_hours,is_peak_block,block_duration_hrs,avg_volume_veh_hr,volume_factor,base_task_dm,dynamic_dm,delay_index
T01,1,2025-03-03,Monday,B1,early,06:00-07:00,0,1,288,1.0,1.0,1.0,-0.426
T01,1,2025-03-03,Monday,B2,peak_am,07:00-09:00,1,2,1598,1.266,1.0,1.266,0.502
T01,1,2025-03-03,Monday,B3,midday,09:00-16:00,0,7,733,1.0,1.0,1.0,-0.106
T01,1,2025-03-03,Monday,B4,peak_pm,17:00-19:00,1,2,1662,1.2873,1.0,1.2873,0.548
T01,2,2025-03-04,Tuesday,B1,early,06:00-07:00,0,1,327,1.0,1.0,1.0,-0.377
T01,2,2025-03-04,Tuesday,B2,peak_am,07:00-09:00,1,2,1592,1.264,1.0,1.264,0.516
T01,2,2025-03-04,Tuesday,B3,midday,09:00-16:00,0,7,751,1.0,1.0,1.0,-0.092
T01,2,2025-03-04,Tuesday,B4,peak_pm,17:00-19:00,1,2,1774,1.3247,1.0,1.3247,0.649
T01,3,2025-03-05,Wednesday,B1,early,06:00-07:00,0,1,291,1.0,1.0,1.0,-0.428
T01,3,2025-03-05,Wednesday,B2,peak_am,07:00-09:00,1,2,1582,1.2607,1.0,1.2607,0.515
T01,3,2025-03-05,Wednesday,B3,midday,09:00-16:00,0,7,780,1.0,1.0,1.0,-0.075
T01,3,2025-03-05,Wednesday,B4,peak_pm,17:00-19:00,1,2,1690,1.2967,1.0,1.2967,0.6
T02,4,2025-03-06,Thursday,B1,early,06:00-07:00,0,1,364,1.0,1.02,1.02,-0.343
T02,4,2025-03-06,Thursday,B2,peak_am,07:00-09:00,1,2,1677,1.2923,1.1,1.4215,0.58
T02,4,2025-03-06,Thursday,B3,midday,09:00-16:00,0,7,998,1.066,1.04,1.1086,0.074
T02,4,2025-03-06,Thursday,B4,peak_pm,17:00-19:00,1,2,2433,1.5443,1.08,1.6678,0.99
T05,4,2025-03-06,Thursday,B1,early,06:00-07:00,0,1,369,1.0,1.15,1.15,-0.343
T05,4,2025-03-06,Thursday,B2,peak_am,07:00-09:00,1,2,2009,1.403,1.7,2.3851,0.798
T05,4,2025-03-06,Thursday,B3,midday,09:00-16:00,0,7,1005,1.0683,1.25,1.3354,0.078
T05,4,2025-03-06,Thursday,B4,peak_pm,17:00-19:00,1,2,2282,1.494,1.65,2.4651,0.99
T02,5,2025-03-07,Friday,B1,early,06:00-07:00,0,1,388,1.0,1.02,1.02,-0.355
T02,5,2025-03-07,Friday,B2,peak_am,07:00-09:00,1,2,1918,1.3727,1.1,1.51,0.756
T02,5,2025-03-07,Friday,B3,midday,09:00-16:00,0,7,934,1.0447,1.04,1.0865,0.033
T02,5,2025-03-07,Friday,B4,peak_pm,17:00-19:00,1,2,2266,1.4887,1.08,1.6078,0.99
T05,5,2025-03-07,Friday,B1,early,06:00-07:00,0,1,346,1.0,1.15,1.15,-0.358
T05,5,2025-03-07,Friday,B2,peak_am,07:00-09:00,1,2,2075,1.425,1.7,2.4225,0.847
T05,5,2025-03-07,Friday,B3,midday,09:00-16:00,0,7,958,1.0527,1.25,1.3159,0.058
T05,5,2025-03-07,Friday,B4,peak_pm,17:00-19:00,1,2,2234,1.478,1.65,2.4387,0.987
T03,6,2025-03-10,Monday,B1,early,06:00-07:00,0,1,366,1.0,1.1,1.1,-0.341
T03,6,2025-03-10,Monday,B2,peak_am,07:00-09:00,1,2,2249,1.483,1.55,2.2987,0.97
T03,6,2025-03-10,Monday,B3,midday,09:00-16:00,0,7,985,1.0617,1.15,1.221,0.067
T03,6,2025-03-10,Monday,B4,peak_pm,17:00-19:00,1,2,2336,1.512,1.45,2.1924,0.99
T04,6,2025-03-10,Monday,B1,early,06:00-07:00,0,1,357,1.0,1.05,1.05,-0.368
T04,6,2025-03-10,Monday,B2,peak_am,07:00-09:00,1,2,1921,1.3737,1.4,1.9232,0.737
T04,6,2025-03-10,Monday,B3,midday,09:00-16:00,0,7,990,1.0633,1.1,1.1696,0.074
T04,6,2025-03-10,Monday,B4,peak_pm,17:00-19:00,1,2,2176,1.4587,1.35,1.9692,0.942
T06,6,2025-03-10,Monday,B1,early,06:00-07:00,0,1,352,1.0,1.2,1.2,-0.351
T06,6,2025-03-10,Monday,B2,peak_am,07:00-09:00,1,2,1814,1.338,1.78,2.3816,0.69
T06,6,2025-03-10,Monday,B3,midday,09:00-16:00,0,7,1039,1.0797,1.3,1.4036,0.105
T06,6,2025-03-10,Monday,B4,peak_pm,17:00-19:00,1,2,2044,1.4147,1.7,2.405,0.841
T03,7,2025-03-11,Tuesday,B1,early,06:00-07:00,0,1,387,1.0,1.1,1.1,-0.341
T03,7,2025-03-11,Tuesday,B2,peak_am,07:00-09:00,1,2,2067,1.4223,1.55,2.2046,0.837
T03,7,2025-03-11,Tuesday,B3,midday,09:00-16:00,0,7,961,1.0537,1.15,1.2118,0.077
T03,7,2025-03-11,Tuesday,B4,peak_pm,17:00-19:00,1,2,2058,1.4193,1.45,2.058,0.863
T04,7,2025-03-11,Tuesday,B1,early,06:00-07:00,0,1,432,1.0,1.05,1.05,-0.298
T04,7,2025-03-11,Tuesday,B2,peak_am,07:00-09:00,1,2,1813,1.3377,1.4,1.8728,0.688
T04,7,2025-03-11,Tuesday,B3,midday,09:00-16:00,0,7,1022,1.074,1.1,1.1814,0.12
T04,7,2025-03-11,Tuesday,B4,peak_pm,17:00-19:00,1,2,2254,1.4847,1.35,2.0043,0.99
T06,7,2025-03-11,Tuesday,B1,early,06:00-07:00,0,1,383,1.0,1.2,1.2,-0.351
T06,7,2025-03-11,Tuesday,B2,peak_am,07:00-09:00,1,2,1778,1.326,1.78,2.3603,0.635
T06,7,2025-03-11,Tuesday,B3,midday,09:00-16:00,0,7,1025,1.075,1.3,1.3975,0.094
T06,7,2025-03-11,Tuesday,B4,peak_pm,17:00-19:00,1,2,2268,1.4893,1.7,2.5318,0.99
T03,8,2025-03-12,Wednesday,B1,early,06:00-07:00,0,1,383,1.0,1.1,1.1,-0.359
T03,8,2025-03-12,Wednesday,B2,peak_am,07:00-09:00,1,2,1981,1.3937,1.55,2.1602,0.801
T03,8,2025-03-12,Wednesday,B3,midday,09:00-16:00,0,7,977,1.059,1.15,1.2178,0.06
T03,8,2025-03-12,Wednesday,B4,peak_pm,17:00-19:00,1,2,2474,1.558,1.45,2.2591,0.99
T04,8,2025-03-12,Wednesday,B1,early,06:00-07:00,0,1,375,1.0,1.05,1.05,-0.375
T04,8,2025-03-12,Wednesday,B2,peak_am,07:00-09:00,1,2,1937,1.379,1.4,1.9306,0.759
T04,8,2025-03-12,Wednesday,B3,midday,09:00-16:00,0,7,973,1.0577,1.1,1.1635,0.06
T04,8,2025-03-12,Wednesday,B4,peak_pm,17:00-19:00,1,2,2176,1.4587,1.35,1.9692,0.914
T06,8,2025-03-12,Wednesday,B1,early,06:00-07:00,0,1,388,1.0,1.2,1.2,-0.358
T06,8,2025-03-12,Wednesday,B2,peak_am,07:00-09:00,1,2,1936,1.3787,1.78,2.4541,0.74
T06,8,2025-03-12,Wednesday,B3,midday,09:00-16:00,0,7,1002,1.0673,1.3,1.3875,0.097
T06,8,2025-03-12,Wednesday,B4,peak_pm,17:00-19:00,1,2,2524,1.5747,1.7,2.677,0.99
T03,9,2025-03-13,Thursday,B1,early,06:00-07:00,0,1,416,1.0,1.1,1.1,-0.31
T03,9,2025-03-13,Thursday,B2,peak_am,07:00-09:00,1,2,1853,1.351,1.55,2.0941,0.706
T03,9,2025-03-13,Thursday,B3,midday,09:00-16:00,0,7,955,1.0517,1.15,1.2095,0.056
T03,9,2025-03-13,Thursday,B4,peak_pm,17:00-19:00,1,2,2154,1.4513,1.45,2.1044,0.932
T04,9,2025-03-13,Thursday,B1,early,06:00-07:00,0,1,405,1.0,1.05,1.05,-0.319
T04,9,2025-03-13,Thursday,B2,peak_am,07:00-09:00,1,2,1808,1.336,1.4,1.8704,0.679
T04,9,2025-03-13,Thursday,B3,midday,09:00-16:00,0,7,986,1.062,1.1,1.1682,0.08
T04,9,2025-03-13,Thursday,B4,peak_pm,17:00-19:00,1,2,2062,1.4207,1.35,1.9179,0.853
T06,9,2025-03-13,Thursday,B1,early,06:00-07:00,0,1,358,1.0,1.2,1.2,-0.382
T06,9,2025-03-13,Thursday,B2,peak_am,07:00-09:00,1,2,1756,1.3187,1.78,2.3473,0.625
T06,9,2025-03-13,Thursday,B3,midday,09:00-16:00,0,7,1002,1.0673,1.3,1.3875,0.111
T06,9,2025-03-13,Thursday,B4,peak_pm,17:00-19:00,1,2,1920,1.3733,1.7,2.3346,0.755
T07,9,2025-03-13,Thursday,B1,early,06:00-07:00,0,1,376,1.0,1.18,1.18,-0.346
T07,9,2025-03-13,Thursday,B2,peak_am,07:00-09:00,1,2,1996,1.3987,1.72,2.4058,0.787
T07,9,2025-03-13,Thursday,B3,midday,09:00-16:00,0,7,1003,1.0677,1.28,1.3667,0.108
T07,9,2025-03-13,Thursday,B4,peak_pm,17:00-19:00,1,2,2376,1.5253,1.68,2.5625,0.99
T03,10,2025-03-14,Friday,B1,early,06:00-07:00,0,1,375,1.0,1.1,1.1,-0.355
T03,10,2025-03-14,Friday,B2,peak_am,07:00-09:00,1,2,1934,1.378,1.55,2.1359,0.777
T03,10,2025-03-14,Friday,B3,midday,09:00-16:00,0,7,1020,1.0733,1.15,1.2343,0.119
T03,10,2025-03-14,Friday,B4,peak_pm,17:00-19:00,1,2,2172,1.4573,1.45,2.1131,0.933
T06,10,2025-03-14,Friday,B1,early,06:00-07:00,0,1,352,1.0,1.2,1.2,-0.357
T06,10,2025-03-14,Friday,B2,peak_am,07:00-09:00,1,2,1860,1.3533,1.78,2.4089,0.721
T06,10,2025-03-14,Friday,B3,midday,09:00-16:00,0,7,968,1.056,1.3,1.3728,0.076
T06,10,2025-03-14,Friday,B4,peak_pm,17:00-19:00,1,2,2228,1.476,1.7,2.5092,0.966
T07,10,2025-03-14,Friday,B1,early,06:00-07:00,0,1,396,1.0,1.18,1.18,-0.332
T07,10,2025-03-14,Friday,B2,peak_am,07:00-09:00,1,2,1700,1.3,1.72,2.236,0.576
T07,10,2025-03-14,Friday,B3,midday,09:00-16:00,0,7,951,1.0503,1.28,1.3444,0.058
T07,10,2025-03-14,Friday,B4,peak_pm,17:00-19:00,1,2,2364,1.5213,1.68,2.5558,0.99
T06,11,2025-03-17,Monday,B1,early,06:00-07:00,0,1,415,1.0,1.2,1.2,-0.312
T06,11,2025-03-17,Monday,B2,peak_am,07:00-09:00,1,2,1849,1.3497,1.78,2.4025,0.68
T06,11,2025-03-17,Monday,B3,midday,09:00-16:00,0,7,989,1.063,1.3,1.3819,0.095
T06,11,2025-03-17,Monday,B4,peak_pm,17:00-19:00,1,2,2172,1.4573,1.7,2.4774,0.943
T07,11,2025-03-17,Monday,B1,early,06:00-07:00,0,1,413,1.0,1.18,1.18,-0.323
T07,11,2025-03-17,Monday,B2,peak_am,07:00-09:00,1,2,2013,1.4043,1.72,2.4154,0.803
T07,11,2025-03-17,Monday,B3,midday,09:00-16:00,0,7,956,1.052,1.28,1.3466,0.072
T07,11,2025-03-17,Monday,B4,peak_pm,17:00-19:00,1,2,2397,1.5323,1.68,2.5743,0.99
T06,12,2025-03-18,Tuesday,B1,early,06:00-07:00,0,1,423,1.0,1.2,1.2,-0.308
T06,12,2025-03-18,Tuesday,B2,peak_am,07:00-09:00,1,2,1821,1.3403,1.78,2.3857,0.681
T06,12,2025-03-18,Tuesday,B3,midday,09:00-16:00,0,7,939,1.0463,1.3,1.3602,0.061
T06,12,2025-03-18,Tuesday,B4,peak_pm,17:00-19:00,1,2,2532,1.5773,1.7,2.6814,0.99
T07,12,2025-03-18,Tuesday,B1,early,06:00-07:00,0,1,365,1.0,1.18,1.18,-0.363
T07,12,2025-03-18,Tuesday,B2,peak_am,07:00-09:00,1,2,1970,1.39,1.72,2.3908,0.79
T07,12,2025-03-18,Tuesday,B3,midday,09:00-16:00,0,7,970,1.0567,1.28,1.3526,0.063
T07,12,2025-03-18,Tuesday,B4,peak_pm,17:00-19:00,1,2,2452,1.5507,1.68,2.6052,0.99
T06,13,2025-03-19,Wednesday,B1,early,06:00-07:00,0,1,386,1.0,1.2,1.2,-0.36
T06,13,2025-03-19,Wednesday,B2,peak_am,07:00-09:00,1,2,2038,1.4127,1.78,2.5146,0.821
T06,13,2025-03-19,Wednesday,B3,midday,09:00-16:00,0,7,1006,1.0687,1.3,1.3893,0.094
T06,13,2025-03-19,Wednesday,B4,peak_pm,17:00-19:00,1,2,2289,1.4963,1.7,2.5437,0.99
T08,13,2025-03-19,Wednesday,B1,early,06:00-07:00,0,1,388,1.0,1.18,1.18,-0.327
T08,13,2025-03-19,Wednesday,B2,peak_am,07:00-09:00,1,2,1965,1.3883,1.72,2.3879,0.781
T08,13,2025-03-19,Wednesday,B3,midday,09:00-16:00,0,7,1017,1.0723,1.28,1.3725,0.105
T08,13,2025-03-19,Wednesday,B4,peak_pm,17:00-19:00,1,2,2228,1.476,1.68,2.4797,0.961
T10,13,2025-03-19,Wednesday,B1,early,06:00-07:00,0,1,374,1.0,1.08,1.08,-0.353
T10,13,2025-03-19,Wednesday,B2,peak_am,07:00-09:00,1,2,1878,1.3593,1.45,1.971,0.727
T10,13,2025-03-19,Wednesday,B3,midday,09:00-16:00,0,7,1014,1.0713,1.12,1.1999,0.11
T10,13,2025-03-19,Wednesday,B4,peak_pm,17:00-19:00,1,2,2178,1.4593,1.4,2.043,0.952
T06,14,2025-03-20,Thursday,B1,early,06:00-07:00,0,1,386,1.0,1.2,1.2,-0.341
T06,14,2025-03-20,Thursday,B2,peak_am,07:00-09:00,1,2,2098,1.4327,1.78,2.5502,0.868
T06,14,2025-03-20,Thursday,B3,midday,09:00-16:00,0,7,1019,1.073,1.3,1.3949,0.113
T06,14,2025-03-20,Thursday,B4,peak_pm,17:00-19:00,1,2,2245,1.4817,1.7,2.5189,0.976
T08,14,2025-03-20,Thursday,B1,early,06:00-07:00,0,1,362,1.0,1.18,1.18,-0.362
T08,14,2025-03-20,Thursday,B2,peak_am,07:00-09:00,1,2,1902,1.3673,1.72,2.3518,0.741
T08,14,2025-03-20,Thursday,B3,midday,09:00-16:00,0,7,961,1.0537,1.28,1.3487,0.069
T08,14,2025-03-20,Thursday,B4,peak_pm,17:00-19:00,1,2,2183,1.461,1.68,2.4545,0.932
T10,14,2025-03-20,Thursday,B1,early,06:00-07:00,0,1,371,1.0,1.08,1.08,-0.355
T10,14,2025-03-20,Thursday,B2,peak_am,07:00-09:00,1,2,2084,1.428,1.45,2.0706,0.872
T10,14,2025-03-20,Thursday,B3,midday,09:00-16:00,0,7,986,1.062,1.12,1.1894,0.089
T10,14,2025-03-20,Thursday,B4,peak_pm,17:00-19:00,1,2,2448,1.5493,1.4,2.169,0.99
T06,15,2025-03-21,Friday,B1,early,06:00-07:00,0,1,388,1.0,1.2,1.2,-0.348
T06,15,2025-03-21,Friday,B2,peak_am,07:00-09:00,1,2,1844,1.348,1.78,2.3994,0.704
T06,15,2025-03-21,Friday,B3,midday,09:00-16:00,0,7,980,1.06,1.3,1.378,0.096
T06,15,2025-03-21,Friday,B4,peak_pm,17:00-19:00,1,2,2413,1.5377,1.7,2.6141,0.99
T08,15,2025-03-21,Friday,B1,early,06:00-07:00,0,1,443,1.0,1.18,1.18,-0.312
T08,15,2025-03-21,Friday,B2,peak_am,07:00-09:00,1,2,1887,1.3623,1.72,2.3432,0.732
T08,15,2025-03-21,Friday,B3,midday,09:00-16:00,0,7,1001,1.067,1.28,1.3658,0.084
T08,15,2025-03-21,Friday,B4,peak_pm,17:00-19:00,1,2,2206,1.4687,1.68,2.4674,0.953
T10,15,2025-03-21,Friday,B1,early,06:00-07:00,0,1,376,1.0,1.08,1.08,-0.369
T10,15,2025-03-21,Friday,B2,peak_am,07:00-09:00,1,2,2112,1.4373,1.45,2.0841,0.882
T10,15,2025-03-21,Friday,B3,midday,09:00-16:00,0,7,971,1.057,1.12,1.1838,0.072
T10,15,2025-03-21,Friday,B4,peak_pm,17:00-19:00,1,2,2222,1.474,1.4,2.0636,0.949
T08,16,2025-03-24,Monday,B1,early,06:00-07:00,0,1,457,1.0,1.18,1.18,-0.29
T08,16,2025-03-24,Monday,B2,peak_am,07:00-09:00,1,2,2134,1.4447,1.72,2.4849,0.891
T08,16,2025-03-24,Monday,B3,midday,09:00-16:00,0,7,1032,1.0773,1.28,1.3789,0.104
T08,16,2025-03-24,Monday,B4,peak_pm,17:00-19:00,1,2,2218,1.4727,1.68,2.4741,0.973
T10,16,2025-03-24,Monday,B1,early,06:00-07:00,0,1,397,1.0,1.08,1.08,-0.352
T10,16,2025-03-24,Monday,B2,peak_am,07:00-09:00,1,2,2174,1.458,1.45,2.1141,0.929
T10,16,2025-03-24,Monday,B3,midday,09:00-16:00,0,7,1109,1.103,1.12,1.2354,0.177
T10,16,2025-03-24,Monday,B4,peak_pm,17:00-19:00,1,2,2385,1.5283,1.4,2.1396,0.99
T09,17,2025-03-25,Tuesday,B1,early,06:00-07:00,0,1,380,1.0,1.15,1.15,-0.346
T09,17,2025-03-25,Tuesday,B2,peak_am,07:00-09:00,1,2,2251,1.4837,1.68,2.4926,0.983
T09,17,2025-03-25,Tuesday,B3,midday,09:00-16:00,0,7,1070,1.09,1.26,1.3734,0.138
T09,17,2025-03-25,Tuesday,B4,peak_pm,17:00-19:00,1,2,2524,1.5747,1.62,2.551,0.99
T10,17,2025-03-25,Tuesday,B1,early,06:00-07:00,0,1,432,1.0,1.08,1.08,-0.33
T10,17,2025-03-25,Tuesday,B2,peak_am,07:00-09:00,1,2,2282,1.494,1.45,2.1663,0.99
T10,17,2025-03-25,Tuesday,B3,midday,09:00-16:00,0,7,1086,1.0953,1.12,1.2267,0.137
T10,17,2025-03-25,Tuesday,B4,peak_pm,17:00-19:00,1,2,2638,1.6127,1.4,2.2578,0.99
T09,18,2025-03-26,Wednesday,B1,early,06:00-07:00,0,1,492,1.0,1.15,1.15,-0.259
T09,18,2025-03-26,Wednesday,B2,peak_am,07:00-09:00,1,2,2172,1.4573,1.68,2.4483,0.942
T09,18,2025-03-26,Wednesday,B3,midday,09:00-16:00,0,7,1046,1.082,1.26,1.3633,0.121
T09,18,2025-03-26,Wednesday,B4,peak_pm,17:00-19:00,1,2,2568,1.5893,1.62,2.5747,0.99
T11,18,2025-03-26,Wednesday,B1,early,06:00-07:00,0,1,369,1.0,1.08,1.08,-0.373
T11,18,2025-03-26,Wednesday,B2,peak_am,07:00-09:00,1,2,2179,1.4597,1.45,2.1166,0.933
T11,18,2025-03-26,Wednesday,B3,midday,09:00-16:00,0,7,1046,1.082,1.12,1.2118,0.113
T11,18,2025-03-26,Wednesday,B4,peak_pm,17:00-19:00,1,2,2186,1.462,1.4,2.0468,0.948
T13,18,2025-03-26,Wednesday,B1,early,06:00-07:00,0,1,396,1.0,1.12,1.12,-0.332
T13,18,2025-03-26,Wednesday,B2,peak_am,07:00-09:00,1,2,2163,1.4543,1.68,2.4432,0.937
T13,18,2025-03-26,Wednesday,B3,midday,09:00-16:00,0,7,1062,1.0873,1.22,1.3265,0.153
T13,18,2025-03-26,Wednesday,B4,peak_pm,17:00-19:00,1,2,2437,1.5457,1.6,2.4731,0.99
T09,19,2025-03-27,Thursday,B1,early,06:00-07:00,0,1,410,1.0,1.15,1.15,-0.336
T09,19,2025-03-27,Thursday,B2,peak_am,07:00-09:00,1,2,1956,1.3853,1.68,2.3273,0.775
T09,19,2025-03-27,Thursday,B3,midday,09:00-16:00,0,7,1113,1.1043,1.26,1.3914,0.182
T09,19,2025-03-27,Thursday,B4,peak_pm,17:00-19:00,1,2,2680,1.6267,1.62,2.6353,0.99
T11,19,2025-03-27,Thursday,B1,early,06:00-07:00,0,1,465,1.0,1.08,1.08,-0.286
T11,19,2025-03-27,Thursday,B2,peak_am,07:00-09:00,1,2,1941,1.3803,1.45,2.0014,0.755
T11,19,2025-03-27,Thursday,B3,midday,09:00-16:00,0,7,1072,1.0907,1.12,1.2216,0.159
T11,19,2025-03-27,Thursday,B4,peak_pm,17:00-19:00,1,2,2555,1.585,1.4,2.219,0.99
T13,19,2025-03-27,Thursday,B1,early,06:00-07:00,0,1,375,1.0,1.12,1.12,-0.371
T13,19,2025-03-27,Thursday,B2,peak_am,07:00-09:00,1,2,2237,1.479,1.68,2.4847,0.962
T13,19,2025-03-27,Thursday,B3,midday,09:00-16:00,0,7,1039,1.0797,1.22,1.3172,0.126
T13,19,2025-03-27,Thursday,B4,peak_pm,17:00-19:00,1,2,2656,1.6187,1.6,2.5899,0.99
T09,20,2025-03-28,Friday,B1,early,06:00-07:00,0,1,421,1.0,1.15,1.15,-0.336
T09,20,2025-03-28,Friday,B2,peak_am,07:00-09:00,1,2,2220,1.4733,1.68,2.4751,0.967
T09,20,2025-03-28,Friday,B3,midday,09:00-16:00,0,7,1127,1.109,1.26,1.3973,0.169
T09,20,2025-03-28,Friday,B4,peak_pm,17:00-19:00,1,2,2460,1.5533,1.62,2.5163,0.99
T11,20,2025-03-28,Friday,B1,early,06:00-07:00,0,1,414,1.0,1.08,1.08,-0.343
T11,20,2025-03-28,Friday,B2,peak_am,07:00-09:00,1,2,2223,1.4743,1.45,2.1377,0.958
T11,20,2025-03-28,Friday,B3,midday,09:00-16:00,0,7,1076,1.092,1.12,1.223,0.156
T11,20,2025-03-28,Friday,B4,peak_pm,17:00-19:00,1,2,2528,1.576,1.4,2.2064,0.99
T13,20,2025-03-28,Friday,B1,early,06:00-07:00,0,1,450,1.0,1.12,1.12,-0.284
T13,20,2025-03-28,Friday,B2,peak_am,07:00-09:00,1,2,2138,1.446,1.68,2.4293,0.905
T13,20,2025-03-28,Friday,B3,midday,09:00-16:00,0,7,1137,1.1123,1.22,1.357,0.205
T13,20,2025-03-28,Friday,B4,peak_pm,17:00-19:00,1,2,2438,1.546,1.6,2.4736,0.99
T11,21,2025-03-31,Monday,B1,early,06:00-07:00,0,1,389,1.0,1.08,1.08,-0.363
T11,21,2025-03-31,Monday,B2,peak_am,07:00-09:00,1,2,2182,1.4607,1.45,2.118,0.917
T11,21,2025-03-31,Monday,B3,midday,09:00-16:00,0,7,1100,1.1,1.12,1.232,0.176
T11,21,2025-03-31,Monday,B4,peak_pm,17:00-19:00,1,2,2471,1.557,1.4,2.1798,0.99
T13,21,2025-03-31,Monday,B1,early,06:00-07:00,0,1,386,1.0,1.12,1.12,-0.35
T13,21,2025-03-31,Monday,B2,peak_am,07:00-09:00,1,2,2186,1.462,1.68,2.4562,0.942
T13,21,2025-03-31,Monday,B3,midday,09:00-16:00,0,7,1043,1.081,1.22,1.3188,0.142
T13,21,2025-03-31,Monday,B4,peak_pm,17:00-19:00,1,2,2516,1.572,1.6,2.5152,0.99
T11,22,2025-04-01,Tuesday,B1,early,06:00-07:00,0,1,380,1.0,1.08,1.08,-0.34
T11,22,2025-04-01,Tuesday,B2,peak_am,07:00-09:00,1,2,2260,1.4867,1.45,2.1557,0.99
T11,22,2025-04-01,Tuesday,B3,midday,09:00-16:00,0,7,1064,1.088,1.12,1.2186,0.119
T11,22,2025-04-01,Tuesday,B4,peak_pm,17:00-19:00,1,2,2440,1.5467,1.4,2.1654,0.99
T13,22,2025-04-01,Tuesday,B1,early,06:00-07:00,0,1,419,1.0,1.12,1.12,-0.313
T13,22,2025-04-01,Tuesday,B2,peak_am,07:00-09:00,1,2,2233,1.4777,1.68,2.4825,0.965
T13,22,2025-04-01,Tuesday,B3,midday,09:00-16:00,0,7,1114,1.1047,1.22,1.3477,0.177
T13,22,2025-04-01,Tuesday,B4,peak_pm,17:00-19:00,1,2,2434,1.5447,1.6,2.4715,0.99
T12,23,2025-04-02,Wednesday,B1,early,06:00-07:00,0,1,420,1.0,1.06,1.06,-0.326
T12,23,2025-04-02,Wednesday,B2,peak_am,07:00-09:00,1,2,2120,1.44,1.42,2.0448,0.886
T12,23,2025-04-02,Wednesday,B3,midday,09:00-16:00,0,7,1121,1.107,1.11,1.2288,0.161
T12,23,2025-04-02,Wednesday,B4,peak_pm,17:00-19:00,1,2,2520,1.5733,1.38,2.1712,0.99
T13,23,2025-04-02,Wednesday,B1,early,06:00-07:00,0,1,475,1.0,1.12,1.12,-0.289
T13,23,2025-04-02,Wednesday,B2,peak_am,07:00-09:00,1,2,2184,1.4613,1.68,2.455,0.943
T13,23,2025-04-02,Wednesday,B3,midday,09:00-16:00,0,7,1054,1.0847,1.22,1.3233,0.144
T13,23,2025-04-02,Wednesday,B4,peak_pm,17:00-19:00,1,2,2463,1.5543,1.6,2.4869,0.99
T12,24,2025-04-03,Thursday,B1,early,06:00-07:00,0,1,448,1.0,1.06,1.06,-0.309
T12,24,2025-04-03,Thursday,B2,peak_am,07:00-09:00,1,2,2268,1.4893,1.42,2.1148,0.99
T12,24,2025-04-03,Thursday,B3,midday,09:00-16:00,0,7,1096,1.0987,1.11,1.2196,0.143
T12,24,2025-04-03,Thursday,B4,peak_pm,17:00-19:00,1,2,2639,1.613,1.38,2.2259,0.99
T14,24,2025-04-03,Thursday,B1,early,06:00-07:00,0,1,430,1.0,1.1,1.1,-0.297
T14,24,2025-04-03,Thursday,B2,peak_am,07:00-09:00,1,2,2162,1.454,1.65,2.3991,0.937
T14,24,2025-04-03,Thursday,B3,midday,09:00-16:00,0,7,1080,1.0933,1.2,1.312,0.164
T14,24,2025-04-03,Thursday,B4,peak_pm,17:00-19:00,1,2,2568,1.5893,1.58,2.5111,0.99
T16,24,2025-04-03,Thursday,B1,early,06:00-07:00,0,1,416,1.0,1.14,1.14,-0.326
T16,24,2025-04-03,Thursday,B2,peak_am,07:00-09:00,1,2,2111,1.437,1.7,2.4429,0.894
T16,24,2025-04-03,Thursday,B3,midday,09:00-16:00,0,7,1118,1.106,1.24,1.3714,0.167
T16,24,2025-04-03,Thursday,B4,peak_pm,17:00-19:00,1,2,2738,1.646,1.65,2.7159,0.99
T12,25,2025-04-04,Friday,B1,early,06:00-07:00,0,1,368,1.0,1.06,1.06,-0.362
T12,25,2025-04-04,Friday,B2,peak_am,07:00-09:00,1,2,2062,1.4207,1.42,2.0174,0.859
T12,25,2025-04-04,Friday,B3,midday,09:00-16:00,0,7,1084,1.0947,1.11,1.2151,0.141
T12,25,2025-04-04,Friday,B4,peak_pm,17:00-19:00,1,2,2474,1.558,1.38,2.15,0.99
T14,25,2025-04-04,Friday,B1,early,06:00-07:00,0,1,453,1.0,1.1,1.1,-0.299
T14,25,2025-04-04,Friday,B2,peak_am,07:00-09:00,1,2,2092,1.4307,1.65,2.3607,0.872
T14,25,2025-04-04,Friday,B3,midday,09:00-16:00,0,7,1120,1.1067,1.2,1.328,0.172
T14,25,2025-04-04,Friday,B4,peak_pm,17:00-19:00,1,2,2428,1.5427,1.58,2.4375,0.99
T16,25,2025-04-04,Friday,B1,early,06:00-07:00,0,1,448,1.0,1.14,1.14,-0.312
T16,25,2025-04-04,Friday,B2,peak_am,07:00-09:00,1,2,2284,1.4947,1.7,2.541,0.99
T16,25,2025-04-04,Friday,B3,midday,09:00-16:00,0,7,1081,1.0937,1.24,1.3562,0.142
T16,25,2025-04-04,Friday,B4,peak_pm,17:00-19:00,1,2,2642,1.614,1.65,2.6631,0.99
T12,26,2025-04-07,Monday,B1,early,06:00-07:00,0,1,407,1.0,1.06,1.06,-0.331
T12,26,2025-04-07,Monday,B2,peak_am,07:00-09:00,1,2,2038,1.4127,1.42,2.006,0.84
T12,26,2025-04-07,Monday,B3,midday,09:00-16:00,0,7,1072,1.0907,1.11,1.2107,0.148
T12,26,2025-04-07,Monday,B4,peak_pm,17:00-19:00,1,2,2398,1.5327,1.38,2.1151,0.99
T14,26,2025-04-07,Monday,B1,early,06:00-07:00,0,1,413,1.0,1.1,1.1,-0.347
T14,26,2025-04-07,Monday,B2,peak_am,07:00-09:00,1,2,1933,1.3777,1.65,2.2732,0.769
T14,26,2025-04-07,Monday,B3,midday,09:00-16:00,0,7,1022,1.074,1.2,1.2888,0.118
T14,26,2025-04-07,Monday,B4,peak_pm,17:00-19:00,1,2,2494,1.5647,1.58,2.4722,0.99
T16,26,2025-04-07,Monday,B1,early,06:00-07:00,0,1,385,1.0,1.14,1.14,-0.359
T16,26,2025-04-07,Monday,B2,peak_am,07:00-09:00,1,2,1924,1.3747,1.7,2.337,0.76
T16,26,2025-04-07,Monday,B3,midday,09:00-16:00,0,7,1037,1.079,1.24,1.338,0.126
T16,26,2025-04-07,Monday,B4,peak_pm,17:00-19:00,1,2,2223,1.4743,1.65,2.4326,0.953
T12,27,2025-04-08,Tuesday,B1,early,06:00-07:00,0,1,431,1.0,1.06,1.06,-0.307
T12,27,2025-04-08,Tuesday,B2,peak_am,07:00-09:00,1,2,1914,1.3713,1.42,1.9472,0.751
T12,27,2025-04-08,Tuesday,B3,midday,09:00-16:00,0,7,1031,1.077,1.11,1.1955,0.102
T12,27,2025-04-08,Tuesday,B4,peak_pm,17:00-19:00,1,2,2534,1.578,1.38,2.1776,0.99
T14,27,2025-04-08,Tuesday,B1,early,06:00-07:00,0,1,410,1.0,1.1,1.1,-0.321
T14,27,2025-04-08,Tuesday,B2,peak_am,07:00-09:00,1,2,2160,1.4533,1.65,2.3979,0.907
T14,27,2025-04-08,Tuesday,B3,midday,09:00-16:00,0,7,1082,1.094,1.2,1.3128,0.152
T14,27,2025-04-08,Tuesday,B4,peak_pm,17:00-19:00,1,2,2512,1.5707,1.58,2.4817,0.99
T16,27,2025-04-08,Tuesday,B1,early,06:00-07:00,0,1,352,1.0,1.14,1.14,-0.373
T16,27,2025-04-08,Tuesday,B2,peak_am,07:00-09:00,1,2,2036,1.412,1.7,2.4004,0.834
T16,27,2025-04-08,Tuesday,B3,midday,09:00-16:00,0,7,990,1.0633,1.24,1.3185,0.094
T16,27,2025-04-08,Tuesday,B4,peak_pm,17:00-19:00,1,2,2312,1.504,1.65,2.4816,0.99
T14,28,2025-04-09,Wednesday,B1,early,06:00-07:00,0,1,391,1.0,1.1,1.1,-0.359
T14,28,2025-04-09,Wednesday,B2,peak_am,07:00-09:00,1,2,2048,1.416,1.65,2.3364,0.848
T14,28,2025-04-09,Wednesday,B3,midday,09:00-16:00,0,7,986,1.062,1.2,1.2744,0.088
T14,28,2025-04-09,Wednesday,B4,peak_pm,17:00-19:00,1,2,2378,1.526,1.58,2.4111,0.99
T17,28,2025-04-09,Wednesday,B1,early,06:00-07:00,0,1,409,1.0,1.14,1.14,-0.348
T17,28,2025-04-09,Wednesday,B2,peak_am,07:00-09:00,1,2,1946,1.382,1.7,2.3494,0.77
T17,28,2025-04-09,Wednesday,B3,midday,09:00-16:00,0,7,964,1.0547,1.24,1.3078,0.078
T17,28,2025-04-09,Wednesday,B4,peak_pm,17:00-19:00,1,2,2502,1.5673,1.65,2.586,0.99
T19,28,2025-04-09,Wednesday,B1,early,06:00-07:00,0,1,357,1.0,1.18,1.18,-0.385
T19,28,2025-04-09,Wednesday,B2,peak_am,07:00-09:00,1,2,2160,1.4533,1.75,2.5433,0.901
T19,28,2025-04-09,Wednesday,B3,midday,09:00-16:00,0,7,1077,1.0923,1.28,1.3981,0.153
T19,28,2025-04-09,Wednesday,B4,peak_pm,17:00-19:00,1,2,2245,1.4817,1.7,2.5189,0.99
T14,29,2025-04-10,Thursday,B1,early,06:00-07:00,0,1,352,1.0,1.1,1.1,-0.391
T14,29,2025-04-10,Thursday,B2,peak_am,07:00-09:00,1,2,2013,1.4043,1.65,2.3171,0.828
T14,29,2025-04-10,Thursday,B3,midday,09:00-16:00,0,7,982,1.0607,1.2,1.2728,0.082
T14,29,2025-04-10,Thursday,B4,peak_pm,17:00-19:00,1,2,2304,1.5013,1.58,2.3721,0.99
T17,29,2025-04-10,Thursday,B1,early,06:00-07:00,0,1,399,1.0,1.14,1.14,-0.356
T17,29,2025-04-10,Thursday,B2,peak_am,07:00-09:00,1,2,2097,1.4323,1.7,2.4349,0.868
T17,29,2025-04-10,Thursday,B3,midday,09:00-16:00,0,7,1019,1.073,1.24,1.3305,0.105
T17,29,2025-04-10,Thursday,B4,peak_pm,17:00-19:00,1,2,2668,1.6227,1.65,2.6775,0.99
T19,29,2025-04-10,Thursday,B1,early,06:00-07:00,0,1,375,1.0,1.18,1.18,-0.36
T19,29,2025-04-10,Thursday,B2,peak_am,07:00-09:00,1,2,2068,1.4227,1.75,2.4897,0.863
T19,29,2025-04-10,Thursday,B3,midday,09:00-16:00,0,7,1055,1.085,1.28,1.3888,0.121
T19,29,2025-04-10,Thursday,B4,peak_pm,17:00-19:00,1,2,2404,1.5347,1.7,2.609,0.99
T15,30,2025-04-11,Friday,B1,early,06:00-07:00,0,1,423,1.0,1.08,1.08,-0.322
T15,30,2025-04-11,Friday,B2,peak_am,07:00-09:00,1,2,2009,1.403,1.62,2.2729,0.83
T15,30,2025-04-11,Friday,B3,midday,09:00-16:00,0,7,1020,1.0733,1.18,1.2665,0.106
T15,30,2025-04-11,Friday,B4,peak_pm,17:00-19:00,1,2,2350,1.5167,1.55,2.3509,0.99
T17,30,2025-04-11,Friday,B1,early,06:00-07:00,0,1,427,1.0,1.14,1.14,-0.321
T17,30,2025-04-11,Friday,B2,peak_am,07:00-09:00,1,2,1825,1.3417,1.7,2.2809,0.698
T17,30,2025-04-11,Friday,B3,midday,09:00-16:00,0,7,1031,1.077,1.24,1.3355,0.1
T17,30,2025-04-11,Friday,B4,peak_pm,17:00-19:00,1,2,2370,1.5233,1.65,2.5134,0.99
T19,30,2025-04-11,Friday,B1,early,06:00-07:00,0,1,414,1.0,1.18,1.18,-0.345
T19,30,2025-04-11,Friday,B2,peak_am,07:00-09:00,1,2,2124,1.4413,1.75,2.5223,0.905
T19,30,2025-04-11,Friday,B3,midday,09:00-16:00,0,7,1004,1.068,1.28,1.367,0.075
T19,30,2025-04-11,Friday,B4,peak_pm,17:00-19:00,1,2,2272,1.4907,1.7,2.5342,0.99
T15,31,2025-04-14,Monday,B1,early,06:00-07:00,0,1,434,1.0,1.08,1.08,-0.296
T15,31,2025-04-14,Monday,B2,peak_am,07:00-09:00,1,2,1719,1.3063,1.62,2.1162,0.606
T15,31,2025-04-14,Monday,B3,midday,09:00-16:00,0,7,1041,1.0803,1.18,1.2748,0.116
T15,31,2025-04-14,Monday,B4,peak_pm,17:00-19:00,1,2,2048,1.416,1.55,2.1948,0.84
T17,31,2025-04-14,Monday,B1,early,06:00-07:00,0,1,413,1.0,1.14,1.14,-0.325
T17,31,2025-04-14,Monday,B2,peak_am,07:00-09:00,1,2,1880,1.36,1.7,2.312,0.708
T17,31,2025-04-14,Monday,B3,midday,09:00-16:00,0,7,1056,1.0853,1.24,1.3458,0.14
T17,31,2025-04-14,Monday,B4,peak_pm,17:00-19:00,1,2,2073,1.4243,1.65,2.3501,0.871
T20,31,2025-04-14,Monday,B1,early,06:00-07:00,0,1,416,1.0,1.17,1.17,-0.332
T20,31,2025-04-14,Monday,B2,peak_am,07:00-09:00,1,2,2150,1.45,1.74,2.523,0.913
T20,31,2025-04-14,Monday,B3,midday,09:00-16:00,0,7,1026,1.0753,1.27,1.3656,0.128
T20,31,2025-04-14,Monday,B4,peak_pm,17:00-19:00,1,2,2292,1.4973,1.68,2.5155,0.99
T15,32,2025-04-15,Tuesday,B1,early,06:00-07:00,0,1,439,1.0,1.08,1.08,-0.326
T15,32,2025-04-15,Tuesday,B2,peak_am,07:00-09:00,1,2,2066,1.422,1.62,2.3036,0.846
T15,32,2025-04-15,Tuesday,B3,midday,09:00-16:00,0,7,924,1.0413,1.18,1.2287,0.03
T15,32,2025-04-15,Tuesday,B4,peak_pm,17:00-19:00,1,2,2132,1.444,1.55,2.2382,0.916
T18,32,2025-04-15,Tuesday,B1,early,06:00-07:00,0,1,465,1.0,1.12,1.12,-0.288
T18,32,2025-04-15,Tuesday,B2,peak_am,07:00-09:00,1,2,1796,1.332,1.68,2.2378,0.66
T18,32,2025-04-15,Tuesday,B3,midday,09:00-16:00,0,7,964,1.0547,1.22,1.2867,0.071
T18,32,2025-04-15,Tuesday,B4,peak_pm,17:00-19:00,1,2,2397,1.5323,1.62,2.4823,0.99
T20,32,2025-04-15,Tuesday,B1,early,06:00-07:00,0,1,416,1.0,1.17,1.17,-0.333
T20,32,2025-04-15,Tuesday,B2,peak_am,07:00-09:00,1,2,2082,1.4273,1.74,2.4835,0.883
T20,32,2025-04-15,Tuesday,B3,midday,09:00-16:00,0,7,1013,1.071,1.27,1.3602,0.119
T20,32,2025-04-15,Tuesday,B4,peak_pm,17:00-19:00,1,2,2306,1.502,1.68,2.5234,0.99
T15,33,2025-04-16,Wednesday,B1,early,06:00-07:00,0,1,446,1.0,1.08,1.08,-0.308
T15,33,2025-04-16,Wednesday,B2,peak_am,07:00-09:00,1,2,1998,1.3993,1.62,2.2669,0.813
T15,33,2025-04-16,Wednesday,B3,midday,09:00-16:00,0,7,1047,1.0823,1.18,1.2771,0.108
T15,33,2025-04-16,Wednesday,B4,peak_pm,17:00-19:00,1,2,2434,1.5447,1.55,2.3943,0.99
T18,33,2025-04-16,Wednesday,B1,early,06:00-07:00,0,1,452,1.0,1.12,1.12,-0.304
T18,33,2025-04-16,Wednesday,B2,peak_am,07:00-09:00,1,2,1993,1.3977,1.68,2.3481,0.791
T18,33,2025-04-16,Wednesday,B3,midday,09:00-16:00,0,7,1010,1.07,1.22,1.3054,0.083
T18,33,2025-04-16,Wednesday,B4,peak_pm,17:00-19:00,1,2,2286,1.4953,1.62,2.4224,0.99
T20,33,2025-04-16,Wednesday,B1,early,06:00-07:00,0,1,399,1.0,1.17,1.17,-0.34
T20,33,2025-04-16,Wednesday,B2,peak_am,07:00-09:00,1,2,2025,1.4083,1.74,2.4504,0.808
T20,33,2025-04-16,Wednesday,B3,midday,09:00-16:00,0,7,1024,1.0747,1.27,1.3649,0.106
T20,33,2025-04-16,Wednesday,B4,peak_pm,17:00-19:00,1,2,2201,1.467,1.68,2.4646,0.945
T15,34,2025-04-17,Thursday,B1,early,06:00-07:00,0,1,400,1.0,1.08,1.08,-0.327
T15,34,2025-04-17,Thursday,B2,peak_am,07:00-09:00,1,2,1960,1.3867,1.62,2.2465,0.765
T15,34,2025-04-17,Thursday,B3,midday,09:00-16:00,0,7,1038,1.0793,1.18,1.2736,0.11
T15,34,2025-04-17,Thursday,B4,peak_pm,17:00-19:00,1,2,2084,1.428,1.55,2.2134,0.858
T18,34,2025-04-17,Thursday,B1,early,06:00-07:00,0,1,387,1.0,1.12,1.12,-0.346
T18,34,2025-04-17,Thursday,B2,peak_am,07:00-09:00,1,2,1824,1.3413,1.68,2.2534,0.685
T18,34,2025-04-17,Thursday,B3,midday,09:00-16:00,0,7,1016,1.072,1.22,1.3078,0.103
T18,34,2025-04-17,Thursday,B4,peak_pm,17:00-19:00,1,2,2440,1.5467,1.62,2.5057,0.99
T21,34,2025-04-17,Thursday,B1,early,06:00-07:00,0,1,343,1.0,1.16,1.16,-0.367
T21,34,2025-04-17,Thursday,B2,peak_am,07:00-09:00,1,2,1856,1.352,1.72,2.3254,0.701
T21,34,2025-04-17,Thursday,B3,midday,09:00-16:00,0,7,1044,1.0813,1.26,1.3624,0.136
T21,34,2025-04-17,Thursday,B4,peak_pm,17:00-19:00,1,2,2449,1.5497,1.66,2.5725,0.99
T18,35,2025-04-18,Friday,B1,early,06:00-07:00,0,1,423,1.0,1.12,1.12,-0.301
T18,35,2025-04-18,Friday,B2,peak_am,07:00-09:00,1,2,2093,1.431,1.68,2.4041,0.866
T18,35,2025-04-18,Friday,B3,midday,09:00-16:00,0,7,972,1.0573,1.22,1.2899,0.086
T18,35,2025-04-18,Friday,B4,peak_pm,17:00-19:00,1,2,2497,1.5657,1.62,2.5364,0.99
T21,35,2025-04-18,Friday,B1,early,06:00-07:00,0,1,467,1.0,1.16,1.16,-0.275
T21,35,2025-04-18,Friday,B2,peak_am,07:00-09:00,1,2,1986,1.3953,1.72,2.3999,0.809
T21,35,2025-04-18,Friday,B3,midday,09:00-16:00,0,7,1038,1.0793,1.26,1.3599,0.137
T21,35,2025-04-18,Friday,B4,peak_pm,17:00-19:00,1,2,2314,1.5047,1.66,2.4978,0.99
T21,36,2025-04-21,Monday,B1,early,06:00-07:00,0,1,335,1.0,1.16,1.16,-0.389
T21,36,2025-04-21,Monday,B2,peak_am,07:00-09:00,1,2,1520,1.24,1.72,2.1328,0.451
T21,36,2025-04-21,Monday,B3,midday,09:00-16:00,0,7,821,1.007,1.26,1.2688,-0.039
T21,36,2025-04-21,Monday,B4,peak_pm,17:00-19:00,1,2,1882,1.3607,1.66,2.2588,0.707
T22,37,2025-04-22,Tuesday,B1,early,06:00-07:00,0,1,323,1.0,1.02,1.02,-0.375
T22,37,2025-04-22,Tuesday,B2,peak_am,07:00-09:00,1,2,1560,1.2533,1.08,1.3536,0.508
T22,37,2025-04-22,Tuesday,B3,midday,09:00-16:00,0,7,791,1.0,1.03,1.03,-0.045
T22,37,2025-04-22,Tuesday,B4,peak_pm,17:00-19:00,1,2,1835,1.345,1.06,1.4257,0.683
T22,38,2025-04-23,Wednesday,B1,early,06:00-07:00,0,1,325,1.0,1.02,1.02,-0.398
T22,38,2025-04-23,Wednesday,B2,peak_am,07:00-09:00,1,2,1744,1.3147,1.08,1.4199,0.608
T22,38,2025-04-23,Wednesday,B3,midday,09:00-16:00,0,7,823,1.0077,1.03,1.0379,-0.025
T22,38,2025-04-23,Wednesday,B4,peak_pm,17:00-19:00,1,2,1962,1.3873,1.06,1.4705,0.764
T22,39,2025-04-24,Thursday,B1,early,06:00-07:00,0,1,296,1.0,1.02,1.02,-0.409
T22,39,2025-04-24,Thursday,B2,peak_am,07:00-09:00,1,2,1765,1.3217,1.08,1.4274,0.652
T22,39,2025-04-24,Thursday,B3,midday,09:00-16:00,0,7,835,1.0117,1.03,1.0421,-0.007
T22,39,2025-04-24,Thursday,B4,peak_pm,17:00-19:00,1,2,2093,1.431,1.06,1.5169,0.875
T24,39,2025-04-24,Thursday,B1,early,06:00-07:00,0,1,330,1.0,1.0,1.0,-0.377
T24,39,2025-04-24,Thursday,B2,peak_am,07:00-09:00,1,2,1576,1.2587,1.0,1.2587,0.493
T24,39,2025-04-24,Thursday,B3,midday,09:00-16:00,0,7,798,1.0,1.0,1.0,-0.065
T24,39,2025-04-24,Thursday,B4,peak_pm,17:00-19:00,1,2,1987,1.3957,1.0,1.3957,0.81
T23,40,2025-04-25,Friday,B1,early,06:00-07:00,0,1,320,1.0,1.01,1.01,-0.386
T23,40,2025-04-25,Friday,B2,peak_am,07:00-09:00,1,2,1566,1.2553,1.05,1.3181,0.493
T23,40,2025-04-25,Friday,B3,midday,09:00-16:00,0,7,846,1.0153,1.02,1.0356,-0.033
T23,40,2025-04-25,Friday,B4,peak_pm,17:00-19:00,1,2,2061,1.4203,1.04,1.4771,0.83
T24,40,2025-04-25,Friday,B1,early,06:00-07:00,0,1,339,1.0,1.0,1.0,-0.398
T24,40,2025-04-25,Friday,B2,peak_am,07:00-09:00,1,2,1594,1.2647,1.0,1.2647,0.51
T24,40,2025-04-25,Friday,B3,midday,09:00-16:00,0,7,816,1.0053,1.0,1.0053,-0.054
T24,40,2025-04-25,Friday,B4,peak_pm,17:00-19:00,1,2,2168,1.456,1.0,1.456,0.935
